City_ID,City,Country,Date,Lat,Lng,Max Temp,Humidity,Cloudiness,Wind Speed
0,Chuy,UY,2022-02-01 00:43:01,-33.6971,-53.4616,62.1,65,1,8.25
1,Bluff,NZ,2022-02-01 00:43:01,-46.6,168.3333,75.79,78,100,6.02
2,Pangai,TO,2022-02-01 00:43:02,-19.8,-174.35,86.11,62,75,11.5
3,Rikitea,PF,2022-02-01 00:39:59,-23.1203,-134.9692,78.15,67,99,5.32
4,Mahanoro,MG,2022-02-01 00:43:02,-19.9,48.8,75.24,85,88,5.55
5,Vao,NC,2022-02-01 00:43:03,-22.6667,167.4833,77.99,83,100,9.37
6,Bambous Virieux,MU,2022-02-01 00:43:03,-20.3428,57.7575,79.21,78,75,18.41
7,Butaritari,KI,2022-02-01 00:43:03,3.0707,172.7902,81.61,78,100,12.8
8,Sorong,ID,2022-02-01 00:43:04,-0.8833,131.25,82.24,70,100,13.91
9,Buraydah,SA,2022-02-01 00:43:04,26.326,43.975,52.25,37,0,11.43
10,Hithadhoo,MV,2022-02-01 00:43:04,-0.6,73.0833,82.35,73,22,11.05
11,Turukhansk,RU,2022-02-01 00:41:43,65.8167,87.9833,9.41,94,100,11.61
12,Atuona,PF,2022-02-01 00:43:05,-9.8,-139.0333,78.48,77,12,18.28
13,Tiksi,RU,2022-02-01 00:41:25,71.6872,128.8694,-10.97,100,100,6.06
14,Busselton,AU,2022-02-01 00:43:05,-33.65,115.3333,66.04,46,0,17.56
15,Awbari,LY,2022-02-01 00:43:06,26.5921,12.7805,47.84,47,0,5.99
16,Neiafu,TO,2022-02-01 00:43:06,-18.65,-173.9833,84.88,70,20,5.75
17,Saint-Philippe,RE,2022-02-01 00:43:06,-21.3585,55.7679,78.39,79,100,14.9
18,Sovetskiy,RU,2022-02-01 00:43:07,61.3614,63.5842,-2.02,99,100,1.97
19,Sacele,RO,2022-02-01 00:43:07,45.6174,25.6943,23.52,57,100,1.01
20,Wabag,PG,2022-02-01 00:43:07,-5.4781,143.7021,66.15,65,100,3.06
21,Albany,US,2022-02-01 00:41:02,42.6001,-73.9662,18.57,66,9,2.15
22,Zorgo,BF,2022-02-01 00:43:08,12.2489,-0.6158,70.72,15,3,9.1
23,East London,ZA,2022-02-01 00:43:08,-33.0153,27.9116,77.16,72,100,2.28
24,Port Blair,IN,2022-02-01 00:43:08,11.6667,92.75,68.04,94,20,0.0
25,Longyan,CN,2022-02-01 00:43:09,25.1072,117.0225,47.14,97,100,1.7
26,Airai,TL,2022-02-01 00:43:09,-8.9266,125.4092,70.12,63,52,6.2
27,Provideniya,RU,2022-02-01 00:43:09,64.3833,-173.3,6.91,61,75,24.61
28,Barrow,US,2022-02-01 00:42:41,71.2906,-156.7887,-14.78,76,40,8.05
29,Takoradi,GH,2022-02-01 00:42:54,4.8845,-1.7554,77.7,85,100,3.18
30,Tasiilaq,GL,2022-02-01 00:43:10,65.6145,-37.6368,8.76,95,93,6.73
31,Broome,US,2022-02-01 00:43:10,42.2506,-75.833,18.01,73,8,1.99
32,Kutum,SD,2022-02-01 00:43:11,14.2,24.6667,48.16,28,1,7.67
33,Punta Arenas,CL,2022-02-01 00:41:28,-53.15,-70.9167,46.51,76,75,12.66
34,Hermanus,ZA,2022-02-01 00:43:11,-34.4187,19.2345,73.9,89,2,8.72
35,Gaya,IN,2022-02-01 00:43:12,24.7833,85.0,48.11,87,5,0.0
36,Constitucion,CL,2022-02-01 00:43:12,-35.3333,-72.4167,58.23,76,0,9.26
37,Kalianget,ID,2022-02-01 00:43:12,-7.05,113.9333,81.61,80,97,7.81
38,Ciudad Bolivar,VE,2022-02-01 00:43:13,8.1222,-63.5497,83.28,54,72,12.46
39,Kissidougou,GN,2022-02-01 00:43:13,9.1848,-10.0999,71.31,17,93,3.2
40,Puerto Ayora,EC,2022-02-01 00:43:13,-0.7393,-90.3518,74.55,94,84,5.48
41,Sistranda,NO,2022-02-01 00:43:14,63.7256,8.834,34.9,74,100,18.19
42,Cherskiy,RU,2022-02-01 00:43:14,68.75,161.3,-7.01,88,100,3.2
43,Green River,US,2022-02-01 00:43:14,41.5286,-109.4662,31.15,60,67,16.04
44,Athni,IN,2022-02-01 00:43:15,16.7333,75.0667,67.17,35,5,5.37
45,Cabo San Lucas,MX,2022-02-01 00:38:55,22.8909,-109.9124,74.52,62,0,3.0
46,Carora,VE,2022-02-01 00:43:15,10.1755,-70.0827,76.06,56,2,3.31
47,Kodiak,US,2022-02-01 00:43:15,57.79,-152.4072,29.71,86,100,5.75
48,Bambanglipuro,ID,2022-02-01 00:43:16,-7.95,110.2833,63.61,79,79,3.6
49,Sao Filipe,CV,2022-02-01 00:44:16,14.8961,-24.4956,75.56,65,100,10.49
50,Darnah,LY,2022-02-01 00:44:16,32.767,22.6367,52.9,80,9,16.42
51,Hobart,AU,2022-02-01 00:40:54,-42.8794,147.3294,86.02,41,40,5.01
52,Vaini,TO,2022-02-01 00:44:17,-21.2,-175.2,86.16,79,40,9.22
53,Georgetown,MY,2022-02-01 00:39:37,5.4112,100.3354,79.9,87,20,1.99
54,Hilo,US,2022-02-01 00:41:18,19.7297,-155.09,77.25,74,38,7.0
55,Kavieng,PG,2022-02-01 00:44:17,-2.5744,150.7967,80.56,81,92,11.14
56,Kapaa,US,2022-02-01 00:44:18,22.0752,-159.319,78.78,69,0,1.01
57,Yeppoon,AU,2022-02-01 00:44:18,-23.1333,150.7333,89.38,60,100,8.05
58,Kruisfontein,ZA,2022-02-01 00:44:19,-34.0033,24.7314,70.88,96,99,3.42
59,Coquimbo,CL,2022-02-01 00:44:19,-29.9533,-71.3436,64.15,80,54,3.6
60,Michigan City,US,2022-02-01 00:44:19,41.7075,-86.895,30.16,68,0,8.05
61,Wuda,CN,2022-02-01 00:44:20,39.4994,106.7117,14.31,28,12,2.24
62,Nuuk,GL,2022-02-01 00:44:20,64.1835,-51.7216,18.21,93,100,14.97
63,Ballina,AU,2022-02-01 00:44:20,-28.8667,153.5667,88.79,68,40,9.22
64,Kankaanpaa,FI,2022-02-01 00:44:21,61.8,22.4167,10.8,96,49,4.85
65,Lardos,GR,2022-02-01 00:44:21,36.0942,28.0157,49.95,60,9,1.41
66,Iqaluit,CA,2022-02-01 00:42:53,63.7506,-68.5145,-29.31,66,20,1.99
67,Port Elizabeth,ZA,2022-02-01 00:44:21,-33.918,25.5701,73.09,94,100,5.75
68,Tahta,EG,2022-02-01 00:44:22,26.7693,31.5021,50.32,76,5,2.8
69,Faanui,PF,2022-02-01 00:44:22,-16.4833,-151.75,81.16,72,5,19.48
70,Bowen,AU,2022-02-01 00:44:22,-20.0167,148.2333,84.42,70,2,6.8
71,Te Anau,NZ,2022-02-01 00:44:23,-45.4167,167.7167,75.72,39,100,2.44
72,Arraial Do Cabo,BR,2022-02-01 00:44:23,-22.9661,-42.0278,75.16,94,75,3.44
73,Beringovskiy,RU,2022-02-01 00:44:23,63.05,179.3167,9.43,92,100,19.69
74,Jamestown,US,2022-02-01 00:44:24,42.097,-79.2353,28.04,50,0,4.61
75,Nizhneudinsk,RU,2022-02-01 00:44:24,54.9076,99.0276,-8.27,98,63,2.51
76,Ewa Beach,US,2022-02-01 00:40:24,21.3156,-158.0072,80.55,59,0,15.99
77,San Patricio,US,2022-02-01 00:44:24,28.017,-97.5169,68.41,97,100,10.76
78,Cape Town,ZA,2022-02-01 00:43:57,-33.9258,18.4232,74.12,82,0,1.14
79,Sinnai,IT,2022-02-01 00:44:25,39.3042,9.2036,50.49,64,40,28.77
80,Tessalit,ML,2022-02-01 00:44:25,20.1986,1.0114,62.83,11,17,9.31
81,Miraflores,MX,2022-02-01 00:44:26,19.2167,-98.8083,68.41,58,94,4.25
82,Kamaishi,JP,2022-02-01 00:44:26,39.2667,141.8833,20.35,47,20,4.21
83,Luderitz,NA,2022-02-01 00:44:26,-26.6481,15.1594,65.14,89,19,5.73
84,Malanje,AO,2022-02-01 00:44:27,-9.5402,16.341,62.96,98,100,4.0
85,Broken Hill,AU,2022-02-01 00:44:27,-31.95,141.4333,73.11,83,75,10.36
86,Cabedelo,BR,2022-02-01 00:44:27,-6.9811,-34.8339,79.47,77,25,9.71
87,Kirkenaer,NO,2022-02-01 00:44:28,60.4564,12.0582,18.25,95,100,2.55
88,Port-Cartier,CA,2022-02-01 00:44:28,50.0334,-66.8654,3.42,92,4,7.56
89,Meulaboh,ID,2022-02-01 00:44:28,4.1363,96.1285,77.4,85,8,3.83
90,Tilichiki,RU,2022-02-01 00:44:29,60.4667,166.1,8.35,87,100,8.12
91,Avarua,CK,2022-02-01 00:44:29,-21.2078,-159.775,75.25,94,75,6.91
92,Ussel,FR,2022-02-01 00:44:30,45.55,2.3167,32.09,93,29,6.2
93,Doha,QA,2022-02-01 00:44:08,25.2867,51.5333,62.58,94,0,2.3
94,Guerrero Negro,MX,2022-02-01 00:44:30,27.9769,-114.0611,63.5,56,9,10.4
95,Kotli Loharan,PK,2022-02-01 00:44:37,32.5883,74.4932,49.89,93,0,0.0
96,Ushuaia,AR,2022-02-01 00:45:30,-54.8,-68.3,42.46,81,75,23.02
97,Kholbon,RU,2022-02-01 00:45:31,51.8833,116.25,-20.58,99,35,0.92
98,Deputatskiy,RU,2022-02-01 00:45:32,69.3,139.9,-24.59,100,100,3.36
99,College,US,2022-02-01 00:45:32,64.8569,-147.8028,-7.42,74,0,0.0
100,Daugai,LT,2022-02-01 00:45:33,54.3667,24.3333,25.29,96,89,7.72
101,Caravelas,BR,2022-02-01 00:45:34,-17.7125,-39.2481,78.58,87,12,8.84
102,Staroshcherbinovskaya,RU,2022-02-01 00:45:34,46.6311,38.6742,35.31,87,68,8.63
103,Egvekinot,RU,2022-02-01 00:45:35,66.3167,-179.1667,2.05,69,98,13.35
104,Severo-Kurilsk,RU,2022-02-01 00:45:35,50.6789,156.125,29.25,73,100,22.7
105,Nkhotakota,MW,2022-02-01 00:45:35,-12.9274,34.2961,72.19,83,11,4.97
106,Thompson,CA,2022-02-01 00:45:36,55.7435,-97.8558,1.56,78,100,6.91
107,Launceston,AU,2022-02-01 00:45:36,-41.45,147.1667,78.44,58,75,8.01
108,Khatanga,RU,2022-02-01 00:45:36,71.9667,102.5,-29.04,100,21,3.15
109,Mayumba,GA,2022-02-01 00:45:37,-3.432,10.6554,77.5,88,85,2.3
110,Saldanha,ZA,2022-02-01 00:45:37,-33.0117,17.9442,66.25,84,8,8.05
111,Borovoy,RU,2022-02-01 00:45:37,55.4333,86.0833,6.08,92,20,6.71
112,Paraiso,CR,2022-02-01 00:45:38,9.8383,-83.8656,68.86,98,86,3.78
113,Mirnyy,RU,2022-02-01 00:45:38,62.5353,113.9611,-15.05,99,90,3.96
114,Kurumkan,RU,2022-02-01 00:45:39,54.3,110.3,-17.66,94,78,3.47
115,Tual,ID,2022-02-01 00:45:39,-5.6667,132.75,83.77,72,100,21.32
116,Tayu,ID,2022-02-01 00:45:39,-6.5397,111.0518,82.63,75,100,4.79
117,Komsomolskiy,UZ,2022-02-01 00:44:59,40.4272,71.7189,26.02,80,81,4.61
118,Gimli,CA,2022-02-01 00:45:40,50.6336,-96.9907,24.13,79,100,12.66
119,Tautira,PF,2022-02-01 00:45:40,-17.7333,-149.15,86.02,78,24,19.28
120,Katsuura,JP,2022-02-01 00:44:08,35.1333,140.3,48.18,43,94,5.41
121,Ancud,CL,2022-02-01 00:45:41,-41.8697,-73.8203,60.33,82,58,7.38
122,Sandnessjoen,NO,2022-02-01 00:45:41,66.0217,12.6316,26.58,57,100,5.99
123,Slobidka,UA,2022-02-01 00:45:42,47.8869,29.3461,28.02,84,100,3.56
124,Carnarvon,AU,2022-02-01 00:45:42,-24.8667,113.6333,82.47,65,3,16.11
125,Hualmay,PE,2022-02-01 00:45:42,-11.0964,-77.6139,70.95,82,18,8.25
126,Virginia Beach,US,2022-02-01 00:43:11,36.8529,-75.978,40.01,78,20,13.8
127,Auki,SB,2022-02-01 00:45:43,-8.7676,160.7034,86.74,64,88,2.91
128,Aklavik,CA,2022-02-01 00:45:43,68.2191,-135.0107,1.4,78,75,10.36
129,Piacabucu,BR,2022-02-01 00:45:44,-10.4056,-36.4344,78.84,78,5,7.02
130,Wajima,JP,2022-02-01 00:45:44,37.4,136.9,34.48,86,40,3.44
131,Bredasdorp,ZA,2022-02-01 00:44:15,-34.5322,20.0403,73.27,88,16,11.5
132,Dikson,RU,2022-02-01 00:42:49,73.5069,80.5464,-1.73,89,100,18.84
133,Tevriz,RU,2022-02-01 00:45:45,57.509,72.4042,6.15,98,96,1.59
134,Lorengau,PG,2022-02-01 00:45:45,-2.0226,147.2712,77.81,90,100,13.49
135,Yellowknife,CA,2022-02-01 00:45:45,62.456,-114.3525,-10.59,88,20,6.91
136,Tustin,US,2022-02-01 00:44:18,33.7459,-117.8262,67.48,67,75,1.01
137,Longyearbyen,SJ,2022-02-01 00:43:35,78.2186,15.6401,13.84,67,40,6.91
138,Pangody,RU,2022-02-01 00:45:46,65.85,74.4859,-14.12,100,95,5.97
139,Gorontalo,ID,2022-02-01 00:45:46,0.5412,123.0595,85.6,62,12,3.15
140,Palauig,PH,2022-02-01 00:46:47,15.435,119.9045,80.64,61,5,2.1
141,Bengkulu,ID,2022-02-01 00:46:47,-3.8004,102.2655,78.64,79,77,3.29
142,Saskylakh,RU,2022-02-01 00:46:48,71.9167,114.0833,-28.82,100,64,2.06
143,Harper,LR,2022-02-01 00:46:48,4.375,-7.7169,78.71,84,90,4.54
144,Goderich,CA,2022-02-01 00:46:48,43.7501,-81.7165,19.9,79,6,4.61
145,Buin,CL,2022-02-01 00:46:32,-33.7333,-70.75,73.74,54,0,3.65
146,Dudinka,RU,2022-02-01 00:46:49,69.4058,86.1778,6.62,94,96,9.78
147,Roros,NO,2022-02-01 00:46:49,62.5747,11.3842,12.04,85,100,1.14
148,Kupang,ID,2022-02-01 00:46:49,-10.1667,123.5833,86.58,79,40,14.97
149,Zhangjiakou,CN,2022-02-01 00:46:50,40.81,114.8794,8.15,56,1,4.43
150,Rio Grande,BR,2022-02-01 00:46:50,-32.035,-52.0986,67.95,67,91,18.16
151,Norman Wells,CA,2022-02-01 00:46:50,65.282,-126.8329,3.24,78,75,11.5
152,Gornyak,RU,2022-02-01 00:46:51,50.9942,81.4661,-1.59,91,30,4.47
153,Karakol,KG,2022-02-01 00:46:51,42.4907,78.3936,14.29,61,96,7.61
154,Alice Springs,AU,2022-02-01 00:45:11,-23.7,133.8833,78.35,78,100,16.11
155,Arenapolis,BR,2022-02-01 00:46:52,-14.4503,-56.8461,70.23,97,100,4.38
156,Mataura,NZ,2022-02-01 00:44:51,-46.1927,168.8643,75.47,49,100,1.86
157,Hirara,JP,2022-02-01 00:46:52,24.8,125.2833,64.67,68,75,11.5
158,Qaqortoq,GL,2022-02-01 00:42:28,60.7167,-46.0333,27.1,77,100,19.04
159,Kununurra,AU,2022-02-01 00:46:53,-15.7667,128.7333,87.78,70,75,17.27
160,Severo-Yeniseyskiy,RU,2022-02-01 00:46:53,60.3725,93.0408,-6.48,97,92,4.14
161,Geraldton,AU,2022-02-01 00:46:53,-28.7667,114.6,77.41,47,6,26.46
162,Diffa,NE,2022-02-01 00:46:54,13.3154,12.6113,61.12,33,0,12.46
163,Sarakhs,IR,2022-02-01 00:46:54,36.5449,61.1577,39.34,56,70,4.61
164,Margate,GB,2022-02-01 00:46:54,51.3813,1.3862,42.75,83,86,1.01
165,Talwara,IN,2022-02-01 00:46:55,31.9486,75.8667,51.21,72,0,2.91
166,Koscierzyna,PL,2022-02-01 00:46:55,54.1223,17.9812,30.29,69,99,7.7
167,Coahuayana,MX,2022-02-01 00:46:55,18.7333,-103.6833,72.93,79,0,2.62
168,George Town,MY,2022-02-01 00:45:03,5.4112,100.3354,80.53,87,20,1.99
169,Grants,US,2022-02-01 00:44:56,35.1473,-107.8514,46.63,17,0,5.75
170,Uruzgan,AF,2022-02-01 00:46:56,32.8333,66.0,31.46,58,7,9.78
171,Upata,VE,2022-02-01 00:46:56,8.0086,-62.3989,76.19,76,98,4.36
172,Brus Laguna,HN,2022-02-01 00:46:57,15.75,-84.4833,67.73,81,13,0.83
173,Mahebourg,MU,2022-02-01 00:46:57,-20.4081,57.7,79.25,78,75,18.41
174,Alugan,PH,2022-02-01 00:46:58,12.2188,125.4808,80.15,83,23,10.6
175,Saint-Ambroise,CA,2022-02-01 00:46:58,48.5501,-71.3324,-8.0,71,59,2.3
176,Ribeira Grande,PT,2022-02-01 00:46:58,38.5167,-28.7,59.94,74,16,13.76
177,Tambilil,PH,2022-02-01 00:46:59,5.9622,124.6697,83.28,65,100,0.56
178,Weirton,US,2022-02-01 00:46:59,40.419,-80.5895,31.3,82,28,1.01
179,Daoukro,CI,2022-02-01 00:46:59,7.0591,-3.9631,70.57,17,16,2.71
180,Yantal,RU,2022-02-01 00:47:00,56.8471,105.2542,-1.89,99,100,1.7
181,Flin Flon,CA,2022-02-01 00:47:00,54.7682,-101.865,6.64,78,100,13.8
182,Filingue,NE,2022-02-01 00:47:01,14.3521,3.3168,62.85,12,0,9.28
183,Port Hardy,CA,2022-02-01 00:45:05,50.6996,-127.4199,44.76,81,75,10.36
184,Cascais,PT,2022-02-01 00:42:20,38.6979,-9.4215,53.06,70,0,7.0
185,New Norfolk,AU,2022-02-01 00:47:01,-42.7826,147.0587,85.66,32,27,5.01
186,Tigbao,PH,2022-02-01 00:47:02,12.5546,123.3389,79.77,79,28,13.69
187,Akdepe,TM,2022-02-01 00:47:02,42.0551,59.3788,32.0,80,3,10.09
188,Abha,SA,2022-02-01 00:47:03,18.2164,42.5053,53.42,82,0,6.91
189,Tuktoyaktuk,CA,2022-02-01 00:47:03,69.4541,-133.0374,-16.6,76,40,0.0
190,Half Moon Bay,US,2022-02-01 00:45:05,37.4636,-122.4286,60.62,76,0,9.22
191,Jutai,BR,2022-02-01 00:48:03,-5.1833,-68.9,78.01,80,97,2.37
192,Saravena,CO,2022-02-01 00:48:04,6.9538,-71.8752,78.06,49,100,2.37
193,Keffi,NG,2022-02-01 00:48:04,8.8486,7.8736,68.38,16,16,4.76
194,Zhigansk,RU,2022-02-01 00:48:05,66.7697,123.3711,-30.48,98,91,7.34
195,Vaitape,PF,2022-02-01 00:48:05,-16.5167,-151.75,81.18,72,5,19.48
196,Tinos,GR,2022-02-01 00:48:06,37.5375,25.1634,56.16,65,100,25.14
197,North Myrtle Beach,US,2022-02-01 00:43:22,33.816,-78.68,43.11,87,0,0.0
198,Nanortalik,GL,2022-02-01 00:48:06,60.1432,-45.2371,25.16,80,100,14.25
199,Henties Bay,NA,2022-02-01 00:48:07,-22.116,14.2845,69.85,78,100,7.4
200,Epinal,FR,2022-02-01 00:48:07,48.1833,6.45,37.54,86,100,9.4
201,Samarai,PG,2022-02-01 00:48:08,-10.6167,150.6667,86.13,66,100,12.57
202,Bandarbeyla,SO,2022-02-01 00:48:08,9.4942,50.8122,76.66,77,100,14.65
203,Nikolskoye,RU,2022-02-01 00:48:08,59.7035,30.7861,24.69,96,100,5.01
204,Sibiti,CG,2022-02-01 00:48:09,-3.6819,13.3499,68.0,97,97,1.57
205,Arlit,NE,2022-02-01 00:48:09,18.7369,7.3853,53.02,21,0,2.95
206,Plettenberg Bay,ZA,2022-02-01 00:48:09,-34.0527,23.3716,73.78,78,100,3.6
207,Victoria,HK,2022-02-01 00:45:12,22.2855,114.1577,58.95,91,100,4.0
208,Upernavik,GL,2022-02-01 00:48:10,72.7868,-56.1549,-16.76,97,100,7.56
209,Kaseda,JP,2022-02-01 00:48:10,31.4167,130.3167,45.63,57,53,10.92
210,Barcelos,PT,2022-02-01 00:48:04,41.5388,-8.6151,50.14,74,0,6.46
211,Katherine,AU,2022-02-01 00:48:11,-14.4667,132.2667,77.32,94,75,16.11
212,Pozo Colorado,PY,2022-02-01 00:48:11,-23.4923,-58.7972,83.19,27,97,5.57
213,Saint Anthony,US,2022-02-01 00:48:11,45.0205,-93.218,28.92,75,0,5.99
214,Lovington,US,2022-02-01 00:48:12,32.944,-103.3485,59.85,29,0,3.0
215,Nampula,MZ,2022-02-01 00:48:12,-15.1165,39.2666,71.55,88,0,3.44
216,Tolaga Bay,NZ,2022-02-01 00:48:12,-38.3667,178.3,71.67,63,100,14.03
217,Nome,US,2022-02-01 00:48:13,64.5011,-165.4064,19.47,42,0,12.66
218,Pekalongan,ID,2022-02-01 00:48:13,-6.8886,109.6753,82.0,79,94,6.35
219,Yulara,AU,2022-02-01 00:48:03,-25.2406,130.9889,69.64,100,100,12.66
220,Zambezi,ZM,2022-02-01 00:48:14,-13.5432,23.1047,63.97,98,100,2.66
221,Saint George,US,2022-02-01 00:48:14,37.1041,-113.5841,57.67,19,0,3.44
222,Hobyo,SO,2022-02-01 00:48:15,5.3505,48.5268,77.02,82,58,13.18
223,Sambava,MG,2022-02-01 00:48:15,-14.2667,50.1667,76.15,87,100,7.45
224,Borba,BR,2022-02-01 00:48:15,-4.3878,-59.5939,74.07,97,94,2.59
225,Urucara,BR,2022-02-01 00:48:16,-2.5364,-57.76,73.42,99,91,2.33
226,Smithers,CA,2022-02-01 00:45:05,54.7804,-127.1743,28.72,80,75,2.3
227,Kokopo,PG,2022-02-01 00:48:16,-4.352,152.2633,82.33,74,100,8.25
228,Boguchany,RU,2022-02-01 00:48:17,58.3814,97.4531,-6.14,99,100,1.16
229,Antofagasta,CL,2022-02-01 00:48:17,-23.65,-70.4,64.83,84,11,4.29
230,Kaeo,NZ,2022-02-01 00:48:17,-35.1,173.7833,72.32,84,99,14.29
231,Noumea,NC,2022-02-01 00:45:29,-22.2763,166.4572,78.78,75,86,7.61
232,Port Alfred,ZA,2022-02-01 00:48:18,-33.5906,26.891,74.71,96,100,3.98
233,Lahij,YE,2022-02-01 00:48:18,13.1667,44.5833,68.27,76,8,5.08
234,Aktau,KZ,2022-02-01 00:48:19,43.65,51.2,27.18,88,100,7.49
235,Torbay,CA,2022-02-01 00:46:19,47.6666,-52.7314,31.75,75,100,11.5
236,Clyde River,CA,2022-02-01 00:49:19,70.4692,-68.5914,-30.77,68,100,8.05
237,Fukue,JP,2022-02-01 00:49:19,32.6881,128.8419,46.76,76,75,6.91
238,Tagusao,PH,2022-02-01 00:49:20,9.1924,117.8141,81.97,73,14,4.52
239,Berbera,SO,2022-02-01 00:49:20,10.4396,45.0143,73.81,72,8,4.18
240,Cabatuan,PH,2022-02-01 00:49:20,10.8794,122.486,79.43,81,97,13.65
241,Oudtshoorn,ZA,2022-02-01 00:49:21,-33.5907,22.2014,64.76,69,89,5.03
242,Yankton,US,2022-02-01 00:49:21,42.8711,-97.3973,52.05,25,0,9.22
243,Muzhi,RU,2022-02-01 00:49:21,65.3667,64.6667,-19.84,100,41,3.18
244,Kaitangata,NZ,2022-02-01 00:49:22,-46.2817,169.8464,70.93,74,100,7.16
245,Abu Kamal,SY,2022-02-01 00:49:22,34.4506,40.9171,45.57,80,100,9.01
246,Saint-Augustin,CA,2022-02-01 00:49:22,51.226,-58.6502,1.63,96,67,6.42
247,Mascota,MX,2022-02-01 00:49:23,20.5167,-104.7833,60.31,46,0,2.93
248,Haines Junction,CA,2022-02-01 00:49:23,60.7522,-137.5108,-16.65,69,7,1.14
249,Lebu,CL,2022-02-01 00:44:50,-37.6167,-73.65,57.7,76,0,17.05
250,Araguaina,BR,2022-02-01 00:48:24,-7.1911,-48.2072,73.65,92,94,1.21
251,Zyryanka,RU,2022-02-01 00:49:24,65.75,150.85,-10.93,93,100,11.32
252,Qaanaaq,GL,2022-02-01 00:49:24,77.484,-69.3632,-21.8,52,0,12.19
253,Lavrentiya,RU,2022-02-01 00:49:25,65.5833,-171.0,-1.46,83,10,11.95
254,Pevek,RU,2022-02-01 00:49:25,69.7008,170.3133,-17.23,97,67,0.98
255,Yarada,IN,2022-02-01 00:49:25,17.65,83.2667,64.72,100,20,2.3
256,Neral,IN,2022-02-01 00:49:26,19.0333,73.3167,65.82,35,0,2.93
257,Hohhot,CN,2022-02-01 00:49:26,40.8106,111.6522,-5.51,71,0,6.71
258,Santa Maria,BR,2022-02-01 00:47:06,-29.6842,-53.8069,79.9,54,40,5.75
259,Mercedes,AR,2022-02-01 00:49:26,-34.6515,-59.4307,70.86,49,9,7.72
260,Manjacaze,MZ,2022-02-01 00:49:27,-24.7117,33.8828,70.18,97,2,4.09
261,Mattru,SL,2022-02-01 00:49:27,7.6244,-11.8332,72.16,97,38,1.79
262,De-Kastri,RU,2022-02-01 00:49:27,51.4667,140.7833,7.39,85,100,17.36
263,Markala,ML,2022-02-01 00:49:28,13.7021,-6.0659,73.56,17,49,10.78
264,Alihe,CN,2022-02-01 00:49:28,50.5667,123.7167,3.34,82,100,3.13
265,Yar-Sale,RU,2022-02-01 00:49:28,66.8333,70.8333,-16.71,100,40,5.79
266,Bethel,US,2022-02-01 00:44:58,41.3712,-73.414,23.65,61,0,0.0
267,Tianpeng,CN,2022-02-01 00:49:29,30.9866,103.9393,41.47,86,100,6.87
268,Auxerre,FR,2022-02-01 00:49:29,47.8,3.5667,37.26,86,10,6.04
269,Male,MV,2022-02-01 00:49:30,4.1748,73.5089,82.35,83,40,16.11
270,Rawson,AR,2022-02-01 00:49:30,-43.3002,-65.1023,73.2,25,0,18.12
271,Omsukchan,RU,2022-02-01 00:49:30,62.5333,155.8,-3.66,96,100,8.3
272,Rivera,UY,2022-02-01 00:49:31,-30.9053,-55.5508,72.55,54,0,12.75
273,Santa Marta,CO,2022-02-01 00:49:31,11.2408,-74.199,82.35,67,20,21.99
274,Mokrousovo,RU,2022-02-01 00:49:31,55.8103,66.7653,6.26,99,100,6.82
275,Alyangula,AU,2022-02-01 00:49:32,-13.8483,136.4192,85.87,84,40,13.8
276,Sitka,US,2022-02-01 00:48:20,57.0531,-135.33,35.49,80,75,0.0
277,Diu,IN,2022-02-01 00:49:32,20.7141,70.9822,64.8,73,0,7.29
278,Nemuro,JP,2022-02-01 00:49:32,43.3236,145.575,27.03,62,41,22.77
279,Alberton,CA,2022-02-01 00:45:05,46.8168,-64.0654,15.71,80,7,10.45
280,Barabai,ID,2022-02-01 00:49:33,-2.5833,115.3833,81.23,76,99,1.95
281,Riyadh,SA,2022-02-01 00:46:29,24.6877,46.7219,64.54,37,86,6.04
282,Emba,KZ,2022-02-01 00:50:34,48.8264,58.1442,18.37,90,100,7.43
283,Sergeyevka,KZ,2022-02-01 00:50:34,53.88,67.4158,22.17,95,100,10.33
284,Okhotsk,RU,2022-02-01 00:50:35,59.3833,143.3,7.9,75,100,16.46
285,Ulaangom,MN,2022-02-01 00:46:20,49.9811,92.0667,-25.87,94,100,1.92
286,Klaksvik,FO,2022-02-01 00:50:18,62.2266,-6.589,45.52,81,100,40.33
287,Daokou,CN,2022-02-01 00:50:35,35.5639,114.5058,30.42,29,0,5.32
288,Calama,CL,2022-02-01 00:50:36,-22.4667,-68.9333,57.72,44,1,9.35
289,Beaverlodge,CA,2022-02-01 00:50:36,55.2166,-119.4361,0.75,91,100,6.11
290,Mar Del Plata,AR,2022-02-01 00:45:43,-38.0023,-57.5575,63.88,59,0,3.0
291,Ambilobe,MG,2022-02-01 00:50:37,-13.2,49.05,73.69,94,100,1.45
292,Pachino,IT,2022-02-01 00:50:37,36.7186,15.0907,53.64,81,100,31.76
293,Isiro,CD,2022-02-01 00:50:38,2.7739,27.616,68.77,47,92,2.66
294,Castro,BR,2022-02-01 00:50:38,-24.7911,-50.0119,63.0,92,0,3.62
295,Zaritap,AM,2022-02-01 00:50:39,39.6363,45.5096,18.79,72,47,4.43
296,Esperance,AU,2022-02-01 00:50:21,-33.8667,121.9,64.24,55,60,16.73
297,Maceio,BR,2022-02-01 00:50:39,-9.6658,-35.7353,80.04,83,0,4.61
298,Korla,CN,2022-02-01 00:50:39,41.7597,86.1469,21.45,56,9,1.52
299,Avera,US,2022-02-01 00:50:40,33.194,-82.5271,47.71,52,32,5.01
300,Cidreira,BR,2022-02-01 00:50:40,-30.1811,-50.2056,73.13,87,3,2.15
301,Cam Ranh,VN,2022-02-01 00:50:40,11.9214,109.1591,78.76,78,20,11.5
302,Poum,NC,2022-02-01 00:50:41,-20.2333,164.0167,81.03,74,100,13.69
303,Pedernales,DO,2022-02-01 00:50:41,18.0384,-71.744,75.94,78,8,3.94
304,Warkworth,NZ,2022-02-01 00:50:41,-36.4,174.6667,79.92,67,63,18.03
305,Oyabe,JP,2022-02-01 00:50:42,36.676,136.8672,39.79,88,86,3.76
306,Gunjur,GM,2022-02-01 00:50:42,13.2019,-16.7339,75.27,57,96,3.44
307,Nizwa,OM,2022-02-01 00:50:43,22.9333,57.5333,64.47,46,0,1.41
308,Verkhoshizhemye,RU,2022-02-01 00:50:43,58.011,49.1038,22.37,94,100,9.71
309,Gat,IL,2022-02-01 00:49:02,31.61,34.7642,52.39,100,75,7.94
310,Zharkent,KZ,2022-02-01 00:50:43,44.1628,80.0,24.78,69,100,1.43
311,Kolpashevo,RU,2022-02-01 00:50:44,58.3131,82.9089,6.28,97,58,6.89
312,Abaete,BR,2022-02-01 00:50:44,-19.16,-45.4458,70.93,92,100,2.1
313,Narrabri,AU,2022-02-01 00:50:44,-30.3167,149.7833,91.53,49,28,1.01
314,Tambo,PE,2022-02-01 00:50:45,-14.8,-73.9167,35.42,95,100,6.02
315,Chiknayakanhalli,IN,2022-02-01 00:50:45,13.4172,76.6228,65.21,66,13,4.29
316,Moose Factory,CA,2022-02-01 00:50:45,51.2585,-80.6094,-0.4,60,100,8.05
317,Makokou,GA,2022-02-01 00:50:46,0.5738,12.8642,71.33,75,100,2.44
318,Hirosaki,JP,2022-02-01 00:50:46,40.5931,140.4725,28.67,71,95,7.7
319,Sivaki,RU,2022-02-01 00:50:46,52.6333,126.75,-4.81,86,16,7.78
320,Liaozhong,CN,2022-02-01 00:50:47,41.5061,122.7242,12.69,43,3,12.77
321,Santee,US,2022-02-01 00:50:47,32.8384,-116.9739,64.89,70,0,3.0
322,Abu Dhabi,AE,2022-02-01 00:48:23,24.4667,54.3667,66.96,94,40,3.44
323,Almaznyy,RU,2022-02-01 00:50:48,48.0448,40.045,32.14,89,82,13.51
324,Acarau,BR,2022-02-01 00:50:48,-2.8856,-40.12,78.82,78,45,12.5
325,Moroni,KM,2022-02-01 00:51:48,-11.7022,43.2551,79.05,80,73,4.25
326,Quatre Cocos,MU,2022-02-01 00:49:29,-20.2078,57.7625,79.09,71,100,24.09
327,Gao,ML,2022-02-01 00:51:49,16.6362,1.637,62.76,8,95,14.47
328,Iralaya,HN,2022-02-01 00:51:49,15.0,-83.2333,78.89,71,97,9.22
329,Mount Isa,AU,2022-02-01 00:49:23,-20.7333,139.5,87.57,62,40,14.97
330,Sargatskoye,RU,2022-02-01 00:51:50,55.6101,73.4972,21.58,95,100,10.89
331,Springbok,ZA,2022-02-01 00:51:50,-29.6643,17.8865,72.23,69,0,2.1
332,Locri,IT,2022-02-01 00:51:51,38.2414,16.2623,57.16,76,100,9.17
333,Tuatapere,NZ,2022-02-01 00:48:46,-46.1333,167.6833,75.81,44,100,0.4
334,Kropotkin,RU,2022-02-01 00:51:51,45.4375,40.5756,32.34,94,70,6.98
335,Bereda,ES,2022-02-01 00:51:51,43.2686,-7.5406,47.91,99,16,6.46
336,Cayenne,GF,2022-02-01 00:51:52,4.9333,-52.3333,81.09,84,75,5.01
337,Qostanay,KZ,2022-02-01 00:51:52,53.1667,63.5833,17.89,93,40,11.18
338,Karanpura,IN,2022-02-01 00:51:53,29.1018,75.092,55.35,41,0,3.49
339,Naryan-Mar,RU,2022-02-01 00:51:53,67.6713,53.087,9.64,96,100,6.82
340,Chokurdakh,RU,2022-02-01 00:51:53,70.6333,147.9167,-14.03,95,100,1.74
341,Bonthe,SL,2022-02-01 00:51:54,7.5264,-12.505,76.55,92,98,3.51
342,Jasper,US,2022-02-01 00:51:54,37.2001,-94.3502,57.25,30,0,11.5
343,Villazon,BO,2022-02-01 00:51:54,-22.0866,-65.5942,49.41,74,100,11.07
344,Bunia,CD,2022-02-01 00:51:55,1.5667,30.25,66.45,50,100,0.69
345,Key West,US,2022-02-01 00:51:55,24.5557,-81.7826,68.0,65,0,9.22
346,Srednebelaya,RU,2022-02-01 00:51:56,50.6594,128.0106,0.18,89,18,8.1
347,Malanville,BJ,2022-02-01 00:51:56,11.8685,3.3899,68.97,12,48,13.04
348,Kopayhorod,UA,2022-02-01 00:51:56,48.8592,27.7969,29.39,97,100,4.81
349,Teya,RU,2022-02-01 00:51:57,60.3778,92.6267,-6.83,99,87,3.38
350,Progress,US,2022-02-01 00:51:57,40.2851,-76.8314,29.84,47,100,5.75
351,Vanavara,RU,2022-02-01 00:51:57,60.34,102.2797,-12.57,100,92,1.97
352,San Cristobal,VE,2022-02-01 00:51:58,7.7669,-72.225,73.58,83,95,2.57
353,Richards Bay,ZA,2022-02-01 00:51:58,-28.783,32.0377,73.83,82,16,9.64
354,Flinders,AU,2022-02-01 00:51:59,-34.5833,150.8552,90.05,69,6,4.0
355,Eregli,TR,2022-02-01 00:51:59,37.5133,34.0467,28.35,88,93,1.95
356,Salinas,US,2022-02-01 00:51:59,36.6777,-121.6555,59.36,75,0,9.22
357,Kapoeta,SS,2022-02-01 00:52:00,4.7717,33.5903,79.81,29,23,2.59
358,Sarkand,KZ,2022-02-01 00:52:00,45.41,79.9186,19.92,73,100,5.44
359,Ponta Do Sol,PT,2022-02-01 00:52:00,32.6667,-17.1,66.13,40,24,13.0
360,Kemijarvi,FI,2022-02-01 00:52:01,66.7131,27.4306,-5.82,100,84,2.33
361,Sasunik,AM,2022-02-01 00:52:01,40.2487,44.3396,25.92,74,20,0.0
362,Havelock,US,2022-02-01 00:52:01,34.8791,-76.9013,44.58,68,3,1.99
363,Soyo,AO,2022-02-01 00:47:02,-6.1349,12.3689,78.15,87,100,5.7
364,Ilula,TZ,2022-02-01 00:52:02,-7.6766,36.0366,61.16,97,100,1.39
365,Urumqi,CN,2022-02-01 00:52:02,43.801,87.6005,-3.05,85,75,2.24
366,Dingle,PH,2022-02-01 00:52:02,10.9995,122.6711,79.75,81,100,11.54
367,Ilulissat,GL,2022-02-01 00:48:48,69.2167,-51.1,8.62,72,75,12.66
368,Port Macquarie,AU,2022-02-01 00:53:03,-31.4333,152.9167,85.89,64,0,6.31
369,Altay,CN,2022-02-01 00:53:03,47.8667,88.1167,7.92,66,100,4.47
370,Sobolevo,RU,2022-02-01 00:53:04,54.4299,31.8996,23.77,97,100,6.6
371,Codrington,AU,2022-02-01 00:53:04,-38.2667,141.9667,61.29,65,100,22.53
372,Isangel,VU,2022-02-01 00:53:04,-19.55,169.2667,80.71,94,100,4.61
373,Byron Bay,AU,2022-02-01 00:53:05,-28.65,153.6167,92.05,60,38,2.51
374,Kangaatsiaq,GL,2022-02-01 00:53:05,68.3065,-53.4641,8.26,74,100,7.72
375,Seoul,KR,2022-02-01 00:48:12,37.5683,126.9778,31.39,75,75,5.75
376,Florianopolis,BR,2022-02-01 00:53:05,-27.6146,-48.5012,73.62,86,40,1.01
377,Watsa,CD,2022-02-01 00:53:06,3.0372,29.5355,67.32,46,96,2.89
378,Palmer,US,2022-02-01 00:53:06,42.1584,-72.3287,18.82,69,8,1.99
379,Lata,PT,2022-02-01 00:53:06,40.1629,-8.3327,49.05,57,0,5.46
380,Nouakchott,MR,2022-02-01 00:53:07,18.0858,-15.9785,71.53,60,100,13.11
381,Nerang,AU,2022-02-01 00:53:07,-27.9833,153.3333,94.19,72,41,1.99
382,Yangjiang,CN,2022-02-01 00:53:08,21.85,111.9667,53.49,85,100,10.58
383,Jacareacanga,BR,2022-02-01 00:53:08,-6.2222,-57.7528,72.93,97,99,1.77
384,Dano,BF,2022-02-01 00:53:08,11.15,-3.0667,73.53,14,3,8.48
385,Mahibadhoo,MV,2022-02-01 00:53:09,3.7833,72.9667,82.27,76,17,13.6
386,Nago,JP,2022-02-01 00:53:09,26.5881,127.9761,64.47,63,100,6.31
387,Grindavik,IS,2022-02-01 00:50:16,63.8424,-22.4338,37.35,75,75,24.16
388,Bathsheba,BB,2022-02-01 00:53:09,13.2167,-59.5167,79.41,78,40,9.22
389,Talnakh,RU,2022-02-01 00:50:11,69.4865,88.3972,6.21,96,98,9.08
390,Nara,JP,2022-02-01 00:53:10,34.6851,135.8049,47.97,45,4,7.65
391,Kahului,US,2022-02-01 00:53:10,20.8947,-156.47,80.62,67,40,17.27
392,Great Falls,US,2022-02-01 00:48:57,47.5002,-111.3008,22.39,64,100,5.01
393,Rajanpur,PK,2022-02-01 00:53:11,29.1035,70.325,58.66,33,0,7.56
394,Ojinaga,MX,2022-02-01 00:53:11,29.5667,-104.4167,67.15,26,0,8.05
395,Narsaq,GL,2022-02-01 00:50:44,60.9167,-46.05,18.39,89,100,5.79
396,Senanga,ZM,2022-02-01 00:53:11,-16.1167,23.2667,66.85,85,100,4.81
397,Barmer,IN,2022-02-01 00:53:12,25.75,71.3833,61.52,81,0,1.54
398,Angoche,MZ,2022-02-01 00:53:12,-16.2325,39.9086,75.81,85,5,6.71
399,Tokmak,UA,2022-02-01 00:53:12,47.2514,35.7058,27.81,91,26,7.14
400,Tigil,RU,2022-02-01 00:53:13,57.8,158.6667,17.44,83,8,8.25
401,Batsfjord,NO,2022-02-01 00:53:13,70.6345,29.7185,5.22,82,67,6.98
402,Aleksandrov Gay,RU,2022-02-01 00:53:14,50.147,48.5704,29.08,92,100,12.15
403,Benguela,AO,2022-02-01 00:53:14,-12.5763,13.4055,74.95,77,100,2.55
404,Puro,PH,2022-02-01 00:53:14,12.4841,123.3827,79.95,78,36,13.51
405,Khingansk,RU,2022-02-01 00:53:15,49.1167,131.1833,-6.56,98,97,4.92
406,Matara,LK,2022-02-01 00:53:15,5.9485,80.5353,72.88,89,39,9.42
407,Kuala Pilah,MY,2022-02-01 00:53:15,2.7389,102.2487,77.95,94,100,2.89
408,Xining,CN,2022-02-01 00:53:16,36.6167,101.7667,10.65,67,94,2.15
409,Wanaka,NZ,2022-02-01 00:51:47,-44.7,169.15,80.11,36,100,1.99
410,Vila Velha,BR,2022-02-01 00:51:50,-20.3297,-40.2925,75.15,91,100,3.0
411,Neyshabur,IR,2022-02-01 00:53:16,36.2133,58.7958,38.52,33,98,2.04
412,Los Llanos De Aridane,ES,2022-02-01 00:53:16,28.6585,-17.9182,58.12,45,0,8.01
413,Kawhia,NZ,2022-02-01 00:53:17,-38.0651,174.8183,80.38,45,100,10.67
414,Kloulklubed,PW,2022-02-01 00:53:17,7.0419,134.2556,82.9,72,100,17.9
415,Mukhen,RU,2022-02-01 00:53:17,48.1,136.1,4.57,85,100,4.68
416,Clinton,US,2022-02-01 00:53:18,42.587,-82.9199,25.12,81,5,6.64
417,Lompoc,US,2022-02-01 00:51:44,34.6391,-120.4579,63.41,75,0,9.22
418,Padang,ID,2022-02-01 00:54:18,-0.9492,100.3543,75.25,86,100,1.83
419,Prince Rupert,CA,2022-02-01 00:54:19,54.3161,-130.3201,37.49,87,100,2.3
420,Dhidhdhoo,MV,2022-02-01 00:54:19,6.8833,73.1,81.59,72,2,8.59
421,Vizinga,RU,2022-02-01 00:54:19,61.0749,50.1031,2.84,99,85,4.56
422,Humberto De Campos,BR,2022-02-01 00:54:20,-2.5983,-43.4611,76.62,90,100,7.29
423,Adwa,ET,2022-02-01 00:54:20,14.1646,38.8955,58.08,57,31,0.6
424,Inuvik,CA,2022-02-01 00:50:14,68.3499,-133.7218,1.44,84,75,9.22
425,Dolores,AR,2022-02-01 00:54:21,-36.3132,-57.6792,56.95,65,6,8.72
426,Lensk,RU,2022-02-01 00:54:21,60.7253,114.9278,-2.56,98,100,5.14
427,Mount Gambier,AU,2022-02-01 00:54:21,-37.8333,140.7667,66.11,55,75,21.85
428,Thai Binh,VN,2022-02-01 00:50:31,20.45,106.3333,53.6,76,100,7.11
429,Freeport,US,2022-02-01 00:51:14,40.6576,-73.5832,28.02,67,0,1.01
430,Eureka,US,2022-02-01 00:54:22,40.8021,-124.1637,50.67,76,100,11.01
431,Jumla,NP,2022-02-01 00:54:22,29.2747,82.1838,30.42,62,6,2.98
432,Leningradskiy,RU,2022-02-01 00:54:23,69.3833,178.4167,-16.91,95,73,9.35
433,Penzance,GB,2022-02-01 00:54:23,50.1186,-5.5371,49.77,87,55,23.2
434,Salalah,OM,2022-02-01 00:54:23,17.0151,54.0924,66.29,66,0,4.29
435,Yaan,NG,2022-02-01 00:54:24,7.3833,8.5667,72.73,18,56,5.46
436,Muros,ES,2022-02-01 00:54:24,42.7762,-9.0603,51.1,74,0,13.09
437,Katangli,RU,2022-02-01 00:54:24,51.7102,143.2326,9.03,91,100,21.74
438,Zhanaozen,KZ,2022-02-01 00:54:25,43.3,52.8,33.84,89,100,6.96
439,San Ignacio,BZ,2022-02-01 00:54:25,17.1561,-89.0714,66.16,95,78,3.29
440,Vila Franca Do Campo,PT,2022-02-01 00:54:25,37.7167,-25.4333,58.19,79,31,13.87
441,Dunedin,NZ,2022-02-01 00:52:45,-45.8742,170.5036,64.8,83,100,14.0
442,Adrar,MR,2022-02-01 00:54:26,20.5022,-10.0711,72.63,14,100,10.11
443,Carballo,ES,2022-02-01 00:54:26,43.213,-8.691,50.02,85,1,9.31
444,Sibolga,ID,2022-02-01 00:54:26,1.7427,98.7792,77.59,86,63,1.95
445,Lugovoy,KZ,2022-02-01 00:54:27,42.9472,72.7644,28.06,63,79,4.61
446,Majene,ID,2022-02-01 00:54:27,-3.5403,118.9707,83.21,64,100,5.06
447,Peniche,PT,2022-02-01 00:53:14,39.3558,-9.3811,53.08,92,0,7.47
448,Dwarka,IN,2022-02-01 00:54:27,22.2394,68.9678,70.93,83,0,8.43
449,Varna,BG,2022-02-01 00:54:28,43.2167,27.9167,37.44,88,0,1.14
450,Murdochville,CA,2022-02-01 00:54:28,48.9583,-65.5006,4.08,94,10,4.14
451,Zapolyarnyy,RU,2022-02-01 00:54:28,69.4154,30.8136,-10.12,99,9,4.65
452,Sabratah,LY,2022-02-01 00:54:29,32.7933,12.4885,51.98,34,100,15.64
453,Ahipara,NZ,2022-02-01 00:54:29,-35.1667,173.1667,72.1,76,99,15.82
454,Iisalmi,FI,2022-02-01 00:54:29,63.5592,27.1907,14.02,93,100,6.17
455,Unity,CA,2022-02-01 00:54:30,52.4501,-109.1682,1.26,87,100,21.63
456,Hastings,GB,2022-02-01 00:54:08,50.8552,0.5729,44.53,83,100,14.38
457,Elban,RU,2022-02-01 00:54:30,50.1018,136.5094,-3.77,94,97,3.36
458,Montoro,ES,2022-02-01 00:54:31,38.0241,-4.3834,49.98,60,0,4.79
459,Touba,CI,2022-02-01 00:52:05,8.2833,-7.6833,71.85,17,22,2.06
460,Touros,BR,2022-02-01 00:54:31,-5.1989,-35.4608,79.7,74,33,11.48
461,Rawah,IQ,2022-02-01 00:54:31,34.4816,41.9093,45.77,82,100,5.79
462,Fairbanks,US,2022-02-01 00:54:32,64.8378,-147.7164,-7.4,75,5,2.3
463,Mackay,AU,2022-02-01 00:54:32,-21.15,149.2,91.69,70,75,5.75
464,Sabha,LY,2022-02-01 00:55:33,27.0377,14.4283,48.38,47,0,9.06
465,Meadow Lake,US,2022-02-01 00:55:33,34.8014,-106.5436,50.68,20,26,1.07
466,Xian,CN,2022-02-01 00:53:25,34.2583,108.9286,27.41,53,10,1.92
467,Xai-Xai,MZ,2022-02-01 00:55:35,-25.0519,33.6442,72.1,94,8,5.28
468,Bay Roberts,CA,2022-02-01 00:55:18,47.5999,-53.2648,32.5,71,64,3.0
469,Carbonear,CA,2022-02-01 00:55:35,47.7332,-53.2148,32.61,68,31,14.45
470,Natal,BR,2022-02-01 00:55:36,-5.795,-35.2094,79.45,89,20,5.75
471,Pinotepa Nacional,MX,2022-02-01 00:55:36,16.3167,-98.0167,74.03,70,0,4.52
472,Tharad,IN,2022-02-01 00:55:36,24.3961,71.6267,62.26,85,0,4.23
473,Riberalta,BO,2022-02-01 00:55:37,-10.9833,-66.1,73.44,90,99,2.39
474,Santiago De Cao,PE,2022-02-01 00:55:37,-7.9589,-79.2392,68.13,83,75,11.5
475,Aransas Pass,US,2022-02-01 00:55:37,27.9095,-97.15,66.97,96,75,1.99
476,Mpulungu,ZM,2022-02-01 00:55:38,-8.7623,31.1141,69.19,87,97,2.89
477,Skegness,GB,2022-02-01 00:55:38,53.1436,0.3363,43.43,94,100,13.78
478,Caraquet,CA,2022-02-01 00:55:39,47.7941,-64.9386,9.14,80,0,13.4
479,Talcahuano,CL,2022-02-01 00:55:15,-36.7167,-73.1167,58.89,72,0,11.12
480,Mitsamiouli,KM,2022-02-01 00:54:37,-11.3847,43.2844,81.09,75,98,5.01
481,Nishihara,JP,2022-02-01 00:55:39,26.1842,127.7558,63.68,62,75,5.75
482,Mangrol,IN,2022-02-01 00:55:40,21.1167,70.1167,69.01,81,0,10.47
483,Portland,US,2022-02-01 00:55:40,45.5234,-122.6762,47.03,84,54,1.01
484,Kieta,PG,2022-02-01 00:55:41,-6.2167,155.6333,83.34,74,100,6.2
485,Simao,CN,2022-02-01 00:55:41,22.7886,100.9748,49.01,87,5,2.59
486,Jilib,SO,2022-02-01 00:55:41,0.4883,42.7854,71.71,90,100,4.38
487,Indianola,US,2022-02-01 00:55:42,41.3581,-93.5574,43.29,65,100,14.32
488,Namie,JP,2022-02-01 00:55:42,37.4833,141.0,40.98,48,1,2.55
489,Kalmunai,LK,2022-02-01 00:55:42,7.4167,81.8167,76.98,70,25,7.67
490,Road Town,VG,2022-02-01 00:51:35,18.4167,-64.6167,77.04,78,20,4.61
491,Mandalgovi,MN,2022-02-01 00:55:43,45.7625,106.2708,2.79,54,7,5.91
492,Houma,US,2022-02-01 00:51:31,29.5958,-90.7195,60.8,66,75,16.11
493,Gillette,US,2022-02-01 00:50:54,44.2911,-105.5022,34.72,39,100,18.01
494,Cabo Rojo,PR,2022-02-01 00:51:33,18.0866,-67.1457,79.0,81,62,6.15
495,Oksfjord,NO,2022-02-01 00:55:44,70.2396,22.3479,20.32,77,100,8.86
496,Taboga,IT,2022-02-01 00:55:44,46.2663,13.1092,39.25,79,0,6.53
497,Tromso,NO,2022-02-01 00:55:44,69.6496,18.957,28.42,86,40,1.99
498,Ambon,ID,2022-02-01 00:53:18,-3.6954,128.1814,86.14,66,40,4.61
499,Moree,AU,2022-02-01 00:55:45,-29.4667,149.85,89.62,40,75,9.22
500,Agua Buena,PA,2022-02-01 00:55:45,7.8167,-80.4,73.76,99,78,16.08
501,Ucluelet,CA,2022-02-01 00:55:45,48.9329,-125.5528,44.91,83,6,1.01
502,Poronaysk,RU,2022-02-01 00:55:46,49.2167,143.1167,14.32,73,96,9.73
503,Mehamn,NO,2022-02-01 00:55:46,71.0357,27.8492,18.81,91,64,7.7
504,Claresholm,CA,2022-02-01 00:55:46,50.0333,-113.5852,13.91,57,100,8.05
505,Karacabey,TR,2022-02-01 00:55:47,40.2152,28.4038,40.44,77,100,3.47
506,Guican,CO,2022-02-01 00:55:47,6.4618,-72.4113,48.97,95,100,1.43
507,Linhares,BR,2022-02-01 00:55:47,-19.3911,-40.0722,77.72,84,90,4.81
508,Port Augusta,AU,2022-02-01 00:55:48,-32.5,137.7667,76.71,62,100,20.38
509,Mariental,NA,2022-02-01 00:55:48,-24.6333,17.9667,72.81,74,100,10.51
510,Tiarei,PF,2022-02-01 00:55:48,-17.5333,-149.3333,86.02,78,15,20.13
511,Xanxere,BR,2022-02-01 00:56:49,-26.8769,-52.4042,75.31,75,3,3.38
512,Belmonte,BR,2022-02-01 00:52:14,-15.8631,-38.8828,81.1,85,7,8.32
513,Dehloran,IR,2022-02-01 00:56:49,32.6941,47.2679,53.06,64,100,7.2
514,Nombre De Dios,MX,2022-02-01 00:56:50,23.85,-104.2333,60.03,20,1,12.1
515,Berlevag,NO,2022-02-01 00:56:50,70.8578,29.0864,22.37,75,50,8.05
516,Chapais,CA,2022-02-01 00:56:50,49.7834,-74.8492,-16.82,99,18,3.56
517,Atar,MR,2022-02-01 00:56:51,20.5169,-13.0499,79.16,14,100,8.84
518,Kangaba,ML,2022-02-01 00:56:51,11.9333,-8.4167,73.87,15,26,5.28
519,Asau,RO,2022-02-01 00:56:51,46.4333,26.4,27.52,86,100,3.78
520,Sao Joao Da Barra,BR,2022-02-01 00:53:57,-21.6403,-41.0511,77.54,88,100,9.22
521,Mecca,SA,2022-02-01 00:56:52,21.4267,39.8261,60.42,64,0,10.56
522,Svetlaya,RU,2022-02-01 00:56:52,46.5389,138.3297,14.13,60,21,7.99
523,Wajir,KE,2022-02-01 00:56:52,1.7471,40.0573,74.98,73,100,14.92
524,Qandala,SO,2022-02-01 00:56:53,11.472,49.8728,75.42,81,15,7.29
525,Abeche,TD,2022-02-01 00:56:53,13.8292,20.8324,57.99,21,0,10.83
526,Havre-Saint-Pierre,CA,2022-02-01 00:56:53,50.2334,-63.5986,12.79,72,100,11.5
527,Zhezkazgan,KZ,2022-02-01 00:56:54,47.8043,67.7144,-0.63,98,67,6.06
528,Fort Nelson,CA,2022-02-01 00:56:54,58.8053,-122.7002,-4.41,77,75,5.75
529,Tondano,ID,2022-02-01 00:56:54,1.3038,124.9112,73.49,70,100,3.42
530,Biak,ID,2022-02-01 00:56:55,-0.9131,122.8766,82.78,62,99,1.88
531,Vastseliina,EE,2022-02-01 00:56:55,57.7303,27.2932,25.45,96,99,6.22
532,Maniitsoq,GL,2022-02-01 00:56:55,65.4167,-52.9,7.65,87,89,8.68
533,Chatakonda,IN,2022-02-01 00:56:56,17.55,80.65,60.26,76,6,0.67
534,San Buenaventura,MX,2022-02-01 00:56:56,27.0833,-101.5333,73.47,17,0,7.02
535,Dombarovskiy,RU,2022-02-01 00:56:56,50.7587,59.5386,17.74,98,100,6.31
536,Trinidad,BO,2022-02-01 00:56:57,-14.8333,-64.9,73.24,93,60,5.84
537,Conde,BR,2022-02-01 00:56:57,-7.2597,-34.9075,78.26,89,20,6.91
538,Benalla,AU,2022-02-01 00:56:57,-36.55,145.9833,90.14,47,74,7.78
539,Birjand,IR,2022-02-01 00:56:58,32.8663,59.2211,37.87,22,75,13.8
540,Churapcha,RU,2022-02-01 00:56:58,62.0025,132.4325,-18.6,95,100,6.04
541,Alcaniz,ES,2022-02-01 00:56:58,41.05,-0.1333,49.42,74,60,29.82
542,Zonguldak,TR,2022-02-01 00:56:59,41.25,31.8333,21.6,85,33,6.11
543,Angoram,PG,2022-02-01 00:56:59,-4.0625,144.0661,78.76,80,100,3.2
544,Charlotte,US,2022-02-01 00:55:38,35.2271,-80.8431,45.99,59,2,1.99
545,Manggar,ID,2022-02-01 00:53:11,-2.8833,108.2667,81.82,73,100,7.02
546,Nouadhibou,MR,2022-02-01 00:55:17,20.931,-17.0347,67.98,73,100,6.91
547,Ishigaki,JP,2022-02-01 00:57:00,24.3448,124.1572,66.33,72,75,12.66
548,Khorixas,NA,2022-02-01 00:57:00,-20.3667,14.9667,61.38,74,92,9.1
549,Bam,IR,2022-02-01 00:57:00,29.106,58.357,50.34,36,0,3.85
550,Sterling,US,2022-02-01 00:55:31,39.0062,-77.4286,31.68,63,9,1.01
551,Rocha,UY,2022-02-01 00:54:49,-34.4833,-54.3333,59.22,64,0,5.12
552,Huaraz,PE,2022-02-01 00:57:01,-9.5333,-77.5333,50.94,78,97,3.8
553,Litovko,RU,2022-02-01 00:57:01,49.2361,135.1742,-10.53,97,93,0.81
554,Rio Gallegos,AR,2022-02-01 00:57:02,-51.6226,-69.2181,51.85,58,20,34.52
555,Puerto Escondido,MX,2022-02-01 00:57:02,15.85,-97.0667,78.94,74,1,9.66
556,San Quintin,MX,2022-02-01 00:57:02,30.4833,-115.95,59.81,68,100,11.9
557,Vanino,RU,2022-02-01 00:58:03,49.0869,140.2543,8.96,65,96,9.06
558,Port Hedland,AU,2022-02-01 00:53:39,-20.3167,118.5667,87.85,74,75,4.61
559,Szamotuly,PL,2022-02-01 00:58:03,52.612,16.5779,30.31,81,100,5.73
560,Olafsvik,IS,2022-02-01 00:58:04,64.8945,-23.7142,24.73,78,73,17.13
561,Ekhabi,RU,2022-02-01 00:58:04,53.5102,142.9671,5.18,93,100,24.45
562,Taoudenni,ML,2022-02-01 00:58:04,22.6783,-3.9836,66.52,8,0,11.63
563,Vestmannaeyjar,IS,2022-02-01 00:58:05,63.4427,-20.2734,41.63,83,41,33.67
564,Uyuni,BO,2022-02-01 00:58:05,-20.4597,-66.825,51.4,66,8,21.05
565,Batemans Bay,AU,2022-02-01 00:58:05,-35.7167,150.1833,91.98,47,100,3.33
566,Antalaha,MG,2022-02-01 00:58:06,-14.9003,50.2788,75.38,86,71,6.78
567,Carutapera,BR,2022-02-01 00:58:06,-1.195,-46.02,73.54,89,100,11.16
568,Nizhniy Baskunchak,RU,2022-02-01 00:58:07,48.2198,46.8311,30.79,92,100,10.22
569,Vardo,NO,2022-02-01 00:58:07,70.3705,31.1107,5.2,80,28,8.32
570,Olinda,BR,2022-02-01 00:58:07,-8.0089,-34.8553,80.33,83,40,3.44
